-- adding data into Employee table



INSERT INTO Employee (EmID, E_FName, E_LName,B_Date,H_Date,Department,Class,Salary) 

VALUES (9000001,"Ahmed", "Ali","1990/05/01","2019/01/09","Ticketing","Staff",7000.00);


INSERT INTO Employee (EmID, E_FName, E_LName,B_Date,H_Date,Department,Class,Salary) 

VALUES (9000002,"Ahmed", "khaled","1990/04/02","2019/01/15","Ticketing","Staff",7000.00);


INSERT INTO Employee (EmID, E_FName, E_LName,B_Date,H_Date,Department,Class,Salary) 

VALUES (9000003,"Ahmed", "Salem","1991/04/02","2018/01/15","Ticketing","Staff",7000.00);


INSERT INTO Employee (EmID, E_FName, E_LName,B_Date,H_Date,Department,Class,Salary) 

VALUES (9000004,"Ali", "Salem","1982/04/02","2014/01/15","Ticketing","Manager",12000.00);


INSERT INTO Employee (EmID, E_FName, E_LName,B_Date,H_Date,Department,Class,Salary) 

VALUES (9000005,"Mohammed", "shaker","1991/04/02","2018/01/15","Food Service","Staff",7000.00);


INSERT INTO Employee (EmID, E_FName, E_LName,B_Date,H_Date,Department,Class,Salary) 

VALUES (9000006,"Mohammed", "Bkr","1991/09/02","2017/01/15","Food Service","Manager",11000.00);


INSERT INTO Employee (EmID, E_FName, E_LName,B_Date,H_Date,Department,Class,Salary) 

VALUES (9000007,"Bdr", "shaker","1994/07/11","2019/01/30","Gift Shop","Staff",7000.00);



INSERT INTO Employee (EmID, E_FName, E_LName,B_Date,H_Date,Department,Class,Salary) 

VALUES (9000008,"Mahmod", "Ali","1996/07/11","2019/05/13","Maintenance","Staff",7000.00);



INSERT INTO Employee (EmID, E_FName, E_LName,B_Date,H_Date,Department,Class,Salary) 

VALUES (9000009,"Saleh", "shaker","1994/03/17","2013/01/30","Gift Shop","Manager",16000.00);



INSERT INTO Employee (EmID, E_FName, E_LName,B_Date,H_Date,Department,Class,Salary) 

VALUES (9000010,"Hamza", "Ali","1988/05/01","2015/05/04","Maintenance","Manager",14000.00);


INSERT INTO Employee (EmID, E_FName, E_LName,B_Date,H_Date,Department,Class,Salary) 

VALUES (9000011,"Hossam", "Ali","1991/05/01","2017/05/04","Security","Staff",5000.00);


INSERT INTO Employee (EmID, E_FName, E_LName,B_Date,H_Date,Department,Class,Salary) 

VALUES (9000012,"Jaber", "Ahmed","1986/09/01","2014/05/04","Security","Manager",10000.00);


INSERT INTO Employee (EmID, E_FName, E_LName,B_Date,H_Date,Department,Class,Salary) 

VALUES (9000013,"Ayman", "Ali","1993/06/01","2016/06/09","Food Service","Staff",7000.00);


INSERT INTO Employee (EmID, E_FName, E_LName,B_Date,H_Date,Department,Class,Salary) 

VALUES (9000014,"Ashraf", "Abas","1994/07/01","2017/07/09","Food Service","Staff",7000.00);


INSERT INTO Employee (EmID, E_FName, E_LName,B_Date,H_Date,Department,Class,Salary) 

VALUES (9000015,"Soltal", "Jafar","1993/05/01","2019/05/09","Food Service","Staff",7000.00);


INSERT INTO Employee (EmID, E_FName, E_LName,B_Date,H_Date,Department,Class,Salary) 

VALUES (9000016,"Hattan", "Abdullah","1989/08/01","2019/08/09","Food Service","Staff",7000.00);


INSERT INTO Employee (EmID, E_FName, E_LName,B_Date,H_Date,Department,Class,Salary) 

VALUES (9000017,"Akram", "Ali","1985/11/01","2019/11/09","Food Service","Staff",7000.00);





-- adding data into Team table



INSERT INTO Team(TeamID, T_name, City, Country, Coach) 

VALUES (5000001,"Team one", "Jeddah","Saudi Arabia","Ali Ahmed");




INSERT INTO Team(TeamID, T_name, City, Country, Coach) 

VALUES (5000002,"Team Two", "Jeddah","Saudi Arabia","Salem Ali");





INSERT INTO Team(TeamID, T_name, City, Country, Coach) 

VALUES (5000003,"Team Three", "Jeddah","Saudi Arabia","Talal khaled");


INSERT INTO Team(TeamID, T_name, City, Country, Coach) 

VALUES (5000004,"Team Four", "Makkah","Saudi Arabia","Jaber Ali");



INSERT INTO Team(TeamID, T_name, City, Country, Coach) 

VALUES (5000005,"Team Five", "Taif","Saudi Arabia","Belal Ahmed");



INSERT INTO Team(TeamID, T_name, City, Country, Coach) 

VALUES (5000006,"Team Six", "kuwait","kuwait","Mohammed Salem");


INSERT INTO Team(TeamID, T_name, City, Country, Coach) 

VALUES (5000007,"Team Seven", "Doha","Qatar","Ali Ali");


INSERT INTO Team(TeamID, T_name, City, Country, Coach) 

VALUES (5000008,"Team Eight", "Doha","Qatar","khaled Salem");


INSERT INTO Team(TeamID, T_name, City, Country, Coach) 

VALUES (5000009,"Team Nine", "kuwait","kuwait","Jaber Salem");


INSERT INTO Team(TeamID, T_name, City, Country, Coach) 

VALUES (5000010,"Team Ten", "Dubai","UAE","Mohammed Ahmed");




INSERT INTO Team(TeamID, T_name, City, Country, Coach) 

VALUES (5000011,"Team Eleven", "Manama","Bahrian","Mohammed Hamza");


INSERT INTO Team(TeamID, T_name, City, Country, Coach) 

VALUES (5000012,"Team Twelve", "Dubai","UAE","Mohammed Hassan");


-- adding data into customer

Insert into Customer (CustomerNID, C_Fname, C_LName, Class)
values ("1000000001", 'Ahmed', 'Ahmed', 'NSPH');
Insert into Customer (CustomerNID, C_Fname, C_LName, Class)
values ("1000000002", 'Mahmud ', 'Monir ', 'SPH');
Insert into Customer (CustomerNID, C_Fname, C_LName, Class)
values ("1000000003", 'Mohammed ', 'Assaf ', 'SPH');
Insert into Customer (CustomerNID, C_Fname, C_LName, Class)
values ("1000000004", 'Omar ', 'Tawfik ', 'NSPH');
Insert into Customer (CustomerNID, C_Fname, C_LName, Class)
values ("1000000005", 'Ehab ', 'Mohsen', 'NSPH');
Insert into Customer (CustomerNID, C_Fname, C_LName, Class)
values ("1000000006", 'Majed ', 'Salem', 'SPH');
Insert into Customer (CustomerNID, C_Fname, C_LName, Class)
values ("1000000007", 'Salim ', 'Saad', 'SPH');
Insert into Customer (CustomerNID, C_Fname, C_LName, Class)
values ("1000000008", 'Saleem ', 'Saad', 'NSPH');
Insert into Customer (CustomerNID, C_Fname, C_LName, Class)
values ("1000000009", 'Sara', 'Ahmed', 'SPH');
Insert into Customer (CustomerNID, C_Fname, C_LName, Class)
values ("1000000010", 'Samar ', 'Majd', 'NSPH');
Insert into Customer (CustomerNID, C_Fname, C_LName, Class)
values ("1000000011", 'Souzan ', 'Naser', 'NSPH');
Insert into Customer (CustomerNID, C_Fname, C_LName, Class)
values ("1000000012", 'Salma ', 'Sultan', 'SPH');
Insert into Customer (CustomerNID, C_Fname, C_LName, Class)
values ("1000000013", 'Dana ', 'Monzer', 'NSPH');
Insert into Customer (CustomerNID, C_Fname, C_LName, Class)
values ("1000000014", 'Radah ', 'Sameer', 'SPH');
Insert into Customer (CustomerNID, C_Fname, C_LName, Class)
values ("1000000015", 'Ali ', 'Haytham', 'NSPH');
Insert into Customer (CustomerNID, C_Fname, C_LName, Class)
values ("1000000016", 'Khaled ', 'Sami', 'SPH');
Insert into Customer (CustomerNID, C_Fname, C_LName, Class)
values ("1000000017", 'Ghada ', 'Fadi', 'SPH');
Insert into Customer (CustomerNID, C_Fname, C_LName, Class)
values ("1000000018", 'Mohab ', 'Saaed', 'SPH');


-- adding data into item

Insert into Item 
values ("7000001", 'Pepsi ', '4.0', 'Drink');
Insert into Item 
values ("7000002", 'Burger ', '25.75', 'Main dish');
Insert into Item 
values ("7000003", 'Fries ', '14.50', 'Snack'); 
Insert into Item 
values ("7000004", 'Gummies ', '9.25', 'Snack');
Insert into Item 
values ("7000005", 'Pop Corn ', '11.90', 'Snack');
Insert into Item 
values ("7000006", 'Pizza ', '30.11', 'Main dish');
Insert into Item 
values ("7000007", 'Red Bull ', '11.00', 'Drink');
Insert into Item 
values ("7000008", 'Chicken Wings ', '25.75', 'Main dish');
Insert into Item 
values ("7000009", 'Twix ', '5.75', 'Snack');
Insert into Item 
values ("7000010", 'KitKat ', '4.90', 'Snack');
Insert into Item 
values ("7000011", 'CocaCola ', '3.90', 'Drink');
Insert into Item 
values ("7000012", 'Sprite ', '3.50', 'Drink');
Insert into Item 
values ("7000013", 'Pasta ', '31.75', 'Main dish');
Insert into Item 
values ("7000014", 'Pringles ', '13.25', 'Snack');
Insert into Item 
values ("7000015", 'Salad ', '25.75', 'Main dish');


-- adding data into Restaurant 

Insert into Restaurant 
values ("6000001", 'Rest1 ','Section_1', 'concession stand', '0');
Insert into Restaurant 
values ("6000002", 'Rest2 ','Section_1', ' sit-down', '50');
Insert into Restaurant 
values ("6000003", 'Rest3 ','Section_1', ' sit-down', '30');
Insert into Restaurant 
values ("6000004", 'Rest4 ','Section_1', ' concession stand', '0');
Insert into Restaurant 
values ("6000005", 'Rest5 ','Section_2', ' concession stand', '0');
Insert into Restaurant 
values ("6000006", 'Rest6 ','Section_2', 'sit-down ', '50');
Insert into Restaurant 
values ("6000007", 'Rest7 ','Section_2', 'sit-down ', '40');
Insert into Restaurant 
values ("6000008", 'Rest8 ','Section_2', 'concession stand ', '0');
Insert into Restaurant 
values ("6000009", 'Rest9 ','Section_3', 'concession stand ', '0');
Insert into Restaurant 
values ("6000010", 'Rest10 ','Section_3', 'sit-down ', '45');
Insert into Restaurant 
values ("6000011", 'Rest11 ','Section_3', 'concession stand ', '0');
Insert into Restaurant 
values ("6000012", 'Rest12 ','Section_3', 'sit-down ', '25');





-- adding data into SP_Holders

INSERT INTO SP_Holders(HolderID,S_Date) 

VALUES (1000000002,"2019/02/01");


INSERT INTO SP_Holders(HolderID,S_Date) 

VALUES (1000000003,"2018/04/15");



INSERT INTO SP_Holders(HolderID,S_Date) 

VALUES (1000000006,"2019/07/30");



INSERT INTO SP_Holders(HolderID,S_Date) 

VALUES (1000000007,"2017/08/04");



INSERT INTO SP_Holders(HolderID,S_Date) 

VALUES (1000000009,"2023/01/01");


INSERT INTO SP_Holders(HolderID,S_Date) 

VALUES (1000000012,"2023/01/15");



INSERT INTO SP_Holders(HolderID,S_Date) 

VALUES (1000000014,"2023/02/01");


INSERT INTO SP_Holders(HolderID,S_Date) 

VALUES (1000000016,"2022/04/01");


INSERT INTO SP_Holders(HolderID,S_Date) 

VALUES (1000000017,"2023/06/01");


INSERT INTO SP_Holders(HolderID,S_Date) 

VALUES (1000000018,"2023/09/01");





-- adding data into task



INSERT INTO Task (TaskID,Employee,T_Name,T_Type,T_Date,T_Time) 

VALUES (8000001,9000001,"Task_1","Complete","2019/01/01","10:30:12");



INSERT INTO Task (TaskID,Employee,T_Name,T_Type,T_Date,T_Time) 

VALUES (8000002,9000001,"Task_2","Complete","2019/01/01","11:30:12");


INSERT INTO Task (TaskID,Employee,T_Name,T_Type,T_Date,T_Time) 

VALUES (8000003,9000002,"Task_3","Complete","2019/11/01","12:30:12");


INSERT INTO Task (TaskID,Employee,T_Name,T_Type,T_Date,T_Time) 

VALUES (8000004,9000003,"Task_4","Complete","2019/12/04","13:30:12");



INSERT INTO Task (TaskID,Employee,T_Name,T_Type,T_Date,T_Time) 

VALUES (8000005,9000004,"Task_5","Complete","2018/01/01","10:30:52");



INSERT INTO Task (TaskID,Employee,T_Name,T_Type,T_Date,T_Time) 

VALUES (8000006,9000005,"Task_6","Complete","2017/01/01","10:30:35");



INSERT INTO Task (TaskID,Employee,T_Name,T_Type,T_Date,T_Time) 

VALUES (8000007,9000006,"Task_7","Complete","2015/05/01","14:30:15");



INSERT INTO Task (TaskID,Employee,T_Name,T_Type,T_Date,T_Time) 

VALUES (8000008,9000007,"Task_8","Complete","2019/12/01","09:30:19");


INSERT INTO Task (TaskID,Employee,T_Name,T_Type,T_Date,T_Time) 

VALUES (8000009,9000008,"Task_9","Complete","2019/11/01","10:30:15");



INSERT INTO Task (TaskID,Employee,T_Name,T_Type,T_Date,T_Time) 

VALUES (8000010,9000009,"Task_10","Complete","2019/01/21","10:30:22");


INSERT INTO Task (TaskID,Employee,T_Name,T_Type,T_Date,T_Time) 

VALUES (8000011,9000010,"Task_11","Complete","2019/12/11","08:30:12");


INSERT INTO Task (TaskID,Employee,T_Name,T_Type,T_Date,T_Time) 

VALUES (8000012,9000006,"Task_12","Complete","2019/01/21","10:30:22");


INSERT INTO Task (TaskID,Employee,T_Name,T_Type,T_Date,T_Time) 

VALUES (8000013,9000006,"Task_13","Complete","2018/01/21","10:30:22");

INSERT INTO Task (TaskID,Employee,T_Name,T_Type,T_Date,T_Time) 

VALUES (8000014,9000006,"Task_14","Complete","2019/02/20","08:30:22");

INSERT INTO Task (TaskID,Employee,T_Name,T_Type,T_Date,T_Time) 

VALUES (8000015,9000006,"Task_15","Complete","2019/08/21","09:30:22");


INSERT INTO Task (TaskID,Employee,T_Name,T_Type,T_Date,T_Time) 

VALUES (8000016,9000006,"Task_16","Incomplete","2018/12/21","10:30:22");

INSERT INTO Task (TaskID,Employee,T_Name,T_Type,T_Date,T_Time) 

VALUES (8000017,9000006,"Task_17","Incomplete","2019/12/30","14:30:22");

INSERT INTO Task (TaskID,Employee,T_Name,T_Type,T_Date,T_Time) 

VALUES (8000018,9000006,"Task_18","Incomplete","2019/12/21","11:30:22");


INSERT INTO Task (TaskID,Employee,T_Name,T_Type,T_Date,T_Time) 

VALUES (8000019,9000012,"Task_19","Incomplete","2019/12/21","10:30:22");

INSERT INTO Task (TaskID,Employee,T_Name,T_Type,T_Date,T_Time) 

VALUES (8000020,9000001,"Task_20","Incomplete","2019/12/23","14:30:22");


INSERT INTO Task (TaskID,Employee,T_Name,T_Type,T_Date,T_Time) 

VALUES (8000021,9000007,"Task_21","Incomplete","2019/12/01","09:30:19");


INSERT INTO Task (TaskID,Employee,T_Name,T_Type,T_Date,T_Time) 

VALUES (8000022,9000008,"Task_22","Incomplete","2019/11/01","10:30:15");



INSERT INTO Task (TaskID,Employee,T_Name,T_Type,T_Date,T_Time) 

VALUES (8000023,9000009,"Task_23","Incomplete","2019/12/21","10:30:22");


INSERT INTO Task (TaskID,Employee,T_Name,T_Type,T_Date,T_Time) 

VALUES (8000024,9000010,"Task_24","Incomplete","2019/12/11","08:30:12");


INSERT INTO Task (TaskID,Employee,T_Name,T_Type,T_Date,T_Time) 

VALUES (8000025,9000002,"Task_25","Incomplete","2019/12/17","10:30:22");


INSERT INTO Task (TaskID,Employee,T_Name,T_Type,T_Date,T_Time) 

VALUES (8000026,9000002,"Task_26","Incomplete","2019/12/13","10:30:22");

INSERT INTO Task (TaskID,Employee,T_Name,T_Type,T_Date,T_Time) 

VALUES (8000027,9000003,"Task_27","Incomplete","2019/12/15","08:30:22");

INSERT INTO Task (TaskID,Employee,T_Name,T_Type,T_Date,T_Time) 

VALUES (8000028,9000001,"Task_28","Incomplete","2019/12/14","09:30:22");


INSERT INTO Task (TaskID,Employee,T_Name,T_Type,T_Date,T_Time) 

VALUES (8000029,9000002,"Task_29","Incomplete","2019/12/21","10:30:22");

INSERT INTO Task (TaskID,Employee,T_Name,T_Type,T_Date,T_Time) 

VALUES (8000030,9000007,"Task_30","Incomplete","2019/12/11","14:30:22");


-- adding data into Invoice


INSERT INTO Invoice (InvoiceID,customers,RID,ItemID,Employees,Quantity,I_Date,I_Time) 

VALUES (2000001,1000000001,6000001,7000001,9000005,15,"2020/03/17","17:30:41");


INSERT INTO Invoice (InvoiceID,customers,RID,ItemID,Employees,Quantity,I_Date,I_Time) 

VALUES (2000002,1000000001,6000002,7000002,9000013,61,"2020/03/17","14:44:41");


INSERT INTO Invoice (InvoiceID,customers,RID,ItemID,Employees,Quantity,I_Date,I_Time) 

VALUES (2000003,1000000001,6000003,7000003,9000014,42,"2020/03/17","19:38:41");


INSERT INTO Invoice (InvoiceID,customers,RID,ItemID,Employees,Quantity,I_Date,I_Time) 

VALUES (2000004,1000000002,6000005,7000004,9000015,13,"2020/05/11","13:31:41");


INSERT INTO Invoice (InvoiceID,customers,RID,ItemID,Employees,Quantity,I_Date,I_Time) 

VALUES (2000005,1000000003,6000004,7000005,9000016,21,"2020/09/17","17:30:41");


INSERT INTO Invoice (InvoiceID,customers,RID,ItemID,Employees,Quantity,I_Date,I_Time) 

VALUES (2000006,1000000004,6000003,7000006,9000017,21,"2020/02/11","18:30:41");


INSERT INTO Invoice (InvoiceID,customers,RID,ItemID,Employees,Quantity,I_Date,I_Time) 

VALUES (2000007,1000000005,6000005,7000007,9000017,71,"2020/03/17","16:30:41");


INSERT INTO Invoice (InvoiceID,customers,RID,ItemID,Employees,Quantity,I_Date,I_Time) 

VALUES (2000008,1000000005,6000006,7000008,9000017,104,"2020/03/18","16:30:41");


INSERT INTO Invoice (InvoiceID,customers,RID,ItemID,Employees,Quantity,I_Date,I_Time) 

VALUES (2000009,1000000006,6000007,7000009,9000005,164,"2020/03/04","15:30:41");


INSERT INTO Invoice (InvoiceID,customers,RID,ItemID,Employees,Quantity,I_Date,I_Time) 

VALUES (2000010,1000000007,6000008,7000010,9000013,125,"2020/03/01","13:30:41");


INSERT INTO Invoice (InvoiceID,customers,RID,ItemID,Employees,Quantity,I_Date,I_Time) 

VALUES (2000011,1000000008,6000009,7000011,9000014,356,"2020/03/01","19:30:41");


INSERT INTO Invoice (InvoiceID,customers,RID,ItemID,Employees,Quantity,I_Date,I_Time) 

VALUES (2000012,1000000009,6000010,7000012,9000015,2,"2020/05/01","20:30:41");


INSERT INTO Invoice (InvoiceID,customers,RID,ItemID,Employees,Quantity,I_Date,I_Time) 

VALUES (2000013,1000000010,6000010,7000013,9000016,155,"2020/07/04","21:30:41");


INSERT INTO Invoice (InvoiceID,customers,RID,ItemID,Employees,Quantity,I_Date,I_Time) 

VALUES (2000014,1000000011,6000011,7000014,9000017,16,"2020/09/17","20:30:41");


INSERT INTO Invoice (InvoiceID,customers,RID,ItemID,Employees,Quantity,I_Date,I_Time) 

VALUES (2000015,1000000012,6000012,7000015,9000005,41,"2020/11/17","17:30:41");


INSERT INTO Invoice (InvoiceID,customers,RID,ItemID,Employees,Quantity,I_Date,I_Time) 

VALUES (2000016,1000000012,6000001,7000001,9000013,2,"2020/12/08","18:30:41");


INSERT INTO Invoice (InvoiceID,customers,RID,ItemID,Employees,Quantity,I_Date,I_Time) 

VALUES (2000017,1000000013,6000002,7000003,9000013,1,"2020/01/07","13:30:41");


INSERT INTO Invoice (InvoiceID,customers,RID,ItemID,Employees,Quantity,I_Date,I_Time) 

VALUES (2000018,1000000014,6000005,7000004,9000013,1,"2020/01/17","12:30:41");


INSERT INTO Invoice (InvoiceID,customers,RID,ItemID,Employees,Quantity,I_Date,I_Time) 

VALUES (2000019,1000000014,6000006,7000007,9000013,1,"2020/04/17","12:30:41");


INSERT INTO Invoice (InvoiceID,customers,RID,ItemID,Employees,Quantity,I_Date,I_Time) 

VALUES (2000020,1000000015,6000009,7000009,9000014,3,"2020/07/17","14:30:41");


INSERT INTO Invoice (InvoiceID,customers,RID,ItemID,Employees,Quantity,I_Date,I_Time) 

VALUES (2000021,1000000016,6000011,7000010,9000015,3,"2020/07/17","14:30:41");


INSERT INTO Invoice (InvoiceID,customers,RID,ItemID,Employees,Quantity,I_Date,I_Time) 

VALUES (2000022,1000000017,6000012,7000002,9000016,2,"2020/11/20","15:30:41");


INSERT INTO Invoice (InvoiceID,customers,RID,ItemID,Employees,Quantity,I_Date,I_Time) 

VALUES (2000023,1000000018,6000001,7000003,9000017,2,"2020/02/01","16:30:41");


INSERT INTO Invoice (InvoiceID,customers,RID,ItemID,Employees,Quantity,I_Date,I_Time) 

VALUES (2000024,1000000011,6000003,7000004,9000005,1,"2020/02/22","16:30:41");


INSERT INTO Invoice (InvoiceID,customers,RID,ItemID,Employees,Quantity,I_Date,I_Time) 

VALUES (2000025,1000000009,6000004,7000005,9000005,1,"2020/10/24","18:30:41");


INSERT INTO Invoice (InvoiceID,customers,RID,ItemID,Employees,Quantity,I_Date,I_Time) 

VALUES (2000026,1000000004,6000006,7000005,9000014,2,"2020/10/13","20:30:41");


INSERT INTO Invoice (InvoiceID,customers,RID,ItemID,Employees,Quantity,I_Date,I_Time) 

VALUES (2000027,1000000005,6000008,7000014,9000013,2,"2020/05/13","21:30:41");


INSERT INTO Invoice (InvoiceID,customers,RID,ItemID,Employees,Quantity,I_Date,I_Time) 

VALUES (2000028,1000000014,6000008,7000015,9000013,1,"2020/05/17","19:30:41");


INSERT INTO Invoice (InvoiceID,customers,RID,ItemID,Employees,Quantity,I_Date,I_Time) 

VALUES (2000029,1000000010,6000009,7000001,9000017,4,"2020/08/08","12:30:41");


INSERT INTO Invoice (InvoiceID,customers,RID,ItemID,Employees,Quantity,I_Date,I_Time) 

VALUES (2000030,1000000011,6000001,7000005,9000005,1,"2020/03/08","11:30:41");


-- adding data into Event

INSERT INTO Event  

VALUES ("400001","Event_1","2020/01/25","23:00:00","2220"," basketball","5000001","5000006");

INSERT INTO Event  

VALUES ("400002","Event_2","2020/03/22","18:25:00","6600"," volleyball","5000012","5000010");

INSERT INTO Event  

VALUES ("400003","Event_3","2020/11/12","13:15:00","6700"," volleyball","5000011","5000008");

INSERT INTO Event  

VALUES ("400004","Event_4","2020/10/04","11:30:00","2101"," tennis","5000008","5000007");

INSERT INTO Event  

VALUES ("400005","Event_5","2020/05/03","09:30:00","2400"," tennis","5000005","5000001");

INSERT INTO Event  

VALUES ("400006","Event_6","2020/10/15","20:30:00","2300"," tennis","5000004","5000002");

INSERT INTO Event  

VALUES ("400007","Event_7","2020/04/04","07:30:00","5131"," soccer","5000001","5000005");

INSERT INTO Event  

VALUES ("400008","Event_8","2020/03/21","19:40:00","5132"," soccer","5000006","5000009");

INSERT INTO Event  

VALUES ("400009","Event_9","2020/02/02","16:45:00","5191"," soccer","5000003","5000012");

INSERT INTO Event  

VALUES ("400010","Event_10","2020/07/05","22:30:00","2350","  basketball","5000004","5000002");

INSERT INTO Event  

VALUES ("400011","Event_11","2020/12/29","23:55:00","2400","  basketball","5000001","5000009");

INSERT INTO Event  

VALUES ("400012","Event_12","2020/07/05","20:30:00","2300","  basketball","5000004","5000002");

INSERT INTO Event  

VALUES ("400013","Event_13","2020/06/06","10:30:00","4500","soccer","5000002","5000003");

INSERT INTO Event  

VALUES ("400014","Event_14","2020/06/25","17:50:00","5000","soccer","5000002","5000003");

INSERT INTO Event  

VALUES ("400015","Event_15","2020/02/22","17:50:00","6500","basketball","5000008","5000001");

INSERT INTO Event  

VALUES ("400016","Event_16","2020/01/01","00:00:00","9800","tennis","5000010","5000008");

INSERT INTO Event  

VALUES ("400017","Event_17","2020/05/22","19:50:00","6300","volleyball","5000006","5000001");

INSERT INTO Event  

VALUES ("400018","Event_18","2020/01/25","17:00:00","6500","basketball","5000004","5000002");

INSERT INTO Event  

VALUES ("400019","Event_19","2020/02/29","13:50:00","5400","soccer","5000001","5000010");

INSERT INTO Event  

VALUES ("400020","Event_20","2020/04/08","13:50:00","6600","basketball","5000011","5000005");

INSERT INTO Event  

VALUES ("400021","Event_21","2020/03/08","12:50:00","5800","soccer","5000010","5000003");

INSERT INTO Event  

VALUES ("400022","Event_22","2020/07/13","14:25:00","5300","tennis","5000012","5000011");

INSERT INTO Event  

VALUES ("400023","Event_23","2020/01/08","13:50:00","6600","basketball","5000009","5000008");

INSERT INTO Event  

VALUES ("400024","Event_24","2020/04/08","16:50:00","7200","volleyball","5000011","5000005");

INSERT INTO Event  

VALUES ("400025","Event_25","2020/09/03","11:55:00","6600","basketball","5000004","5000006");

INSERT INTO Event  

VALUES ("400026","Event_26","2020/04/08","13:50:00","6600","basketball","5000011","5000005");

INSERT INTO Event  

VALUES ("400027","Event_27","2020/08/08","09:50:00","4900","soccer","5000011","5000001");

INSERT INTO Event  

VALUES ("400028","Event_28","2020/02/21","21:50:00","6800","basketball","5000003","5000005");

INSERT INTO Event  

VALUES ("400029","Event_29","2020/09/12","13:50:00","6900","tennis","5000008","5000004");

INSERT INTO Event  

VALUES ("400030","Event_30","2020/01/06","12:50:00","6300","volleyball","5000011","5000005");

-- adding data into Ticket

INSERT INTO Ticket  

VALUES ("300001","1000000001","400030","39.70");

INSERT INTO Ticket  

VALUES ("300002","1000000002","400030","39.70");

INSERT INTO Ticket  

VALUES ("300003","1000000005","400027","55.95");

INSERT INTO Ticket  

VALUES ("300004","1000000005","400028","55.00");

INSERT INTO Ticket  

VALUES ("300005","1000000005","400026","55.95");

INSERT INTO Ticket  

VALUES ("300006","1000000008","400020","40.95");

INSERT INTO Ticket  

VALUES ("300007","1000000017","400027","55.95");

INSERT INTO Ticket  

VALUES ("300008","1000000016","400021","50.45");

INSERT INTO Ticket  

VALUES ("300009","1000000015","400001","55.25");

INSERT INTO Ticket  

VALUES ("300010","1000000015","400003","120.00");

INSERT INTO Ticket  

VALUES ("300011","1000000015","400009","60.15");

INSERT INTO Ticket  

VALUES ("300012","1000000017","400009","60.15");

INSERT INTO Ticket  

VALUES ("300013","1000000008","400030","39.70");

INSERT INTO Ticket  

VALUES ("300014","1000000011","400025","120.30");

INSERT INTO Ticket  

VALUES ("300015","1000000015","400020","60.15");

INSERT INTO Ticket  

VALUES ("300016","1000000010","400001","96.25");

INSERT INTO Ticket  

VALUES ("300017","1000000001","400004","91.50");

INSERT INTO Ticket  

VALUES ("300018","1000000010","400003","150.00");

INSERT INTO Ticket  

VALUES ("300019","1000000008","400002","55.45");

INSERT INTO Ticket  

VALUES ("300020","1000000015","400029","96.00");

INSERT INTO Ticket  

VALUES ("300021","1000000016","400029","96.00");

INSERT INTO Ticket  

VALUES ("300022","1000000011","400029","96.00");

INSERT INTO Ticket  

VALUES ("300023","1000000010","400028","333.33");

INSERT INTO Ticket  

VALUES ("300024","1000000015","400028","333.33");

INSERT INTO Ticket  

VALUES ("300025","1000000018","400005","65.25");

INSERT INTO Ticket  

VALUES ("300026","1000000018","400029","96.00");

INSERT INTO Ticket  

VALUES ("300027","1000000009","400029","96.00");

INSERT INTO Ticket  

VALUES ("300028","1000000002","400005","80.95");

INSERT INTO Ticket  

VALUES ("300029","1000000003","400030","65.90");

INSERT INTO Ticket  

VALUES ("300030","1000000005","400029","96.00");